TV,Sales
230.1,22.1
44.5,10.4
17.2,9.3
151.5,18.5
69.2,11.3
147.3,14.6
218.4,18
237.4,12.5
13.2,5.6
228.3,15.5
62.3,9.7
262.9,12
142.9,15
240.1,15.9
248.8,18.9
70.6,10.5
292.9,21.4
175.1,14.9
89.7,10.6
239.9,23.2
227.2,14.8
66.9,9.7
199.8,11.4
100.4,10.7
216.4,22.6
182.6,21.2
262.7,20.2
198.9,23.7
7.3,5.5
136.2,13.2
210.8,23.8
210.7,18.4
53.5,8.1
261.3,24.2
239.3,15.7
102.7,14
131.1,18
69,9.3
31.5,9.5
139.3,13.4
88.3,12.9
109.8,16.7
134.3,11.2
28.6,7.3
217.7,19.4
250.9,22.2
107.4,11.5
163.3,16.9
197.6,11.7
184.9,15.5
289.7,25.4
135.2,17.2
222.4,11.7
296.4,23.8
280.2,14.8
187.9,14.7
238.2,20.7
137.9,19.2
25,7.2
90.4,8.7
13.1,5.3
255.4,19.8
225.8,13.4
241.7,21.8
175.7,14.1
209.6,15.9
78.2,14.6
75.1,12.6
139.2,12.2
76.4,9.4
125.7,15.9
19.4,6.6
141.3,15.5
18.8,7
224,11.6
123.1,15.2
229.5,19.7
87.2,10.6
7.8,6.6
44.7,10.1
280.7,16.1
121,11.6
197.6,16.6
171.3,19
187.8,15.6
4.1,3.2
93.9,15.3
149.8,10.1
11.7,7.3
131.7,12.9
172.5,14.4
85.7,13.3
188.4,14.9
163.5,18
117.2,11.9
234.5,11.9
17.9,8
206.8,12.2
215.4,17.1
284.3,15
50,8.4
164.5,14.5
19.6,7.6
168.4,11.7
222.4,11.5
276.9,27
248.4,20.2
170.2,11.7
276.7,11.8
165.6,12.6
156.6,10.5
177,12.8
283.6,25.5
232.1,13.4
